Type,SourceIP,Timestamp
Unauthorized Access,23.33.94.38,2025-09-01 09:15:07
Suspicious File Access,214.19.179.139,2025-09-09 03:43:08
Failed Login,79.42.178.51,2025-08-26 09:00:05
Unauthorized Access,219.73.234.49,2025-09-13 04:52:03
Password Change,67.48.4.173,2025-09-10 13:09:29
Password Change,162.239.173.127,2025-08-28 19:39:41
Password Change,165.17.155.52,2025-08-24 23:12:36
Password Change,182.183.188.18,2025-09-14 15:10:56
Password Change,159.134.22.176,2025-09-04 02:06:01
Unauthorized Access,121.133.191.124,2025-09-08 17:58:48
Failed Login,163.109.104.168,2025-09-06 13:53:58
Unauthorized Access,95.43.97.126,2025-09-05 18:30:16
Unauthorized Access,14.195.71.179,2025-09-02 08:48:20
Successful Login,83.25.41.126,2025-09-10 18:13:04
Successful Login,80.178.11.78,2025-09-08 22:03:15
Suspicious File Access,68.150.233.214,2025-09-07 23:00:21
Failed Login,162.248.108.171,2025-08-24 05:30:38
Successful Login,172.117.6.166,2025-09-07 09:35:13
Password Change,94.94.83.139,2025-09-08 05:17:21
Successful Login,238.23.47.230,2025-09-01 12:20:00
Password Change,182.137.69.189,2025-09-01 06:44:40
Suspicious File Access,58.113.194.103,2025-08-23 15:51:45
Unauthorized Access,248.15.167.53,2025-09-04 07:49:36
Successful Login,92.109.235.61,2025-09-04 12:29:18
Successful Login,207.255.17.149,2025-08-23 10:17:24
Failed Login,20.22.142.61,2025-08-28 06:58:04
Successful Login,217.156.247.219,2025-09-04 22:11:54
Unauthorized Access,123.57.107.242,2025-08-29 04:54:28
Password Change,230.225.183.188,2025-09-03 19:52:32
Failed Login,81.67.98.64,2025-09-02 04:18:33
Password Change,190.208.149.16,2025-09-08 14:07:45
Failed Login,132.144.3.174,2025-09-07 18:57:43
Unauthorized Access,135.228.210.212,2025-09-05 11:49:08
Unauthorized Access,61.239.236.56,2025-08-16 22:52:57
Unauthorized Access,91.46.100.27,2025-09-09 16:36:10
Successful Login,100.254.0.98,2025-09-12 10:16:20
Unauthorized Access,111.197.82.63,2025-08-25 05:47:39
Suspicious File Access,105.114.185.9,2025-09-06 17:37:16
Failed Login,183.116.150.232,2025-08-27 02:56:11
Suspicious File Access,151.202.217.253,2025-09-05 15:33:34
Suspicious File Access,177.253.98.219,2025-09-03 12:04:07
Password Change,139.59.1.191,2025-09-14 15:21:04
Failed Login,17.240.190.46,2025-08-25 16:55:18
Unauthorized Access,45.124.152.159,2025-08-21 08:16:45
Password Change,235.56.104.195,2025-09-06 01:53:39
Suspicious File Access,29.42.249.60,2025-08-26 21:41:44
Suspicious File Access,193.235.125.183,2025-08-26 05:09:15
Successful Login,115.104.157.188,2025-09-05 20:15:25
Failed Login,168.63.119.87,2025-08-29 14:21:45
Unauthorized Access,25.58.63.103,2025-08-17 11:03:01
Failed Login,186.42.81.215,2025-08-25 13:12:50
Failed Login,35.165.215.29,2025-09-07 11:19:43
Unauthorized Access,80.219.20.124,2025-08-20 19:56:23
Unauthorized Access,138.113.249.155,2025-08-19 20:48:51
Suspicious File Access,236.216.247.162,2025-08-22 21:14:50
Successful Login,38.136.234.6,2025-08-22 23:17:32
Suspicious File Access,193.137.90.95,2025-09-05 16:28:29
Unauthorized Access,255.217.141.230,2025-08-16 23:55:44
Unauthorized Access,69.99.137.169,2025-08-27 04:41:02
Failed Login,117.166.19.151,2025-09-01 16:26:07
Suspicious File Access,167.106.92.144,2025-08-16 12:57:23
Successful Login,90.141.170.95,2025-09-04 15:16:51
Password Change,218.129.16.47,2025-08-30 09:58:05
Failed Login,220.224.17.232,2025-08-30 21:25:13
Successful Login,213.222.11.146,2025-08-27 07:52:34
Suspicious File Access,59.106.111.120,2025-09-03 16:20:56
Password Change,10.34.154.209,2025-08-24 03:01:29
Suspicious File Access,159.125.187.63,2025-08-18 17:04:51
Failed Login,67.186.49.153,2025-08-22 16:33:52
Failed Login,93.87.211.158,2025-09-07 01:03:46
Suspicious File Access,169.143.45.20,2025-08-29 06:40:13
Suspicious File Access,56.197.32.132,2025-09-03 20:02:10
Suspicious File Access,44.34.23.13,2025-08-17 16:54:18
Failed Login,220.17.110.106,2025-08-31 09:43:46
Password Change,236.107.1.147,2025-09-13 01:43:46
Password Change,220.3.232.78,2025-09-02 00:14:57
Suspicious File Access,214.195.54.194,2025-08-19 17:34:38
Failed Login,134.41.12.1,2025-08-23 03:20:53
Suspicious File Access,114.207.144.42,2025-09-13 01:20:05
Unauthorized Access,154.85.11.191,2025-08-19 04:05:55
Unauthorized Access,154.7.205.78,2025-09-02 20:13:33
Unauthorized Access,182.57.218.93,2025-09-13 22:38:57
Failed Login,21.133.252.44,2025-09-08 08:14:30
Failed Login,157.108.241.203,2025-09-06 05:56:38
Successful Login,236.27.0.158,2025-08-16 14:00:30
Successful Login,54.28.192.50,2025-09-14 02:25:09
Successful Login,141.194.207.228,2025-08-17 09:30:53
Unauthorized Access,142.8.37.179,2025-09-06 06:30:24
Unauthorized Access,42.19.37.72,2025-09-06 14:19:01
Unauthorized Access,82.102.21.185,2025-08-22 18:09:34
Suspicious File Access,241.67.133.45,2025-09-04 02:34:51
Unauthorized Access,114.56.249.231,2025-09-03 03:08:07
Suspicious File Access,16.139.136.50,2025-08-17 17:21:32
Unauthorized Access,129.232.162.71,2025-08-30 01:34:00
Failed Login,68.150.233.169,2025-09-10 14:00:01
Password Change,90.215.225.69,2025-08-31 06:21:09
Suspicious File Access,175.171.60.18,2025-09-01 16:16:39
Failed Login,192.22.250.160,2025-08-20 09:41:10
Successful Login,50.64.130.24,2025-08-16 18:10:47
Successful Login,124.70.17.154,2025-08-31 13:05:43
Password Change,51.243.14.250,2025-08-21 08:50:42
Failed Login,141.24.255.4,2025-09-10 00:38:22
Successful Login,225.17.237.195,2025-08-28 06:28:33
Failed Login,9.242.96.36,2025-08-22 12:57:51
Successful Login,90.160.79.246,2025-09-10 01:48:05
Successful Login,162.242.158.172,2025-08-18 14:29:56
Failed Login,114.13.44.30,2025-08-23 07:50:40
Suspicious File Access,124.163.216.190,2025-08-30 14:36:08
Successful Login,170.107.1.49,2025-08-21 08:45:15
Suspicious File Access,189.129.96.40,2025-09-13 07:35:27
Password Change,238.65.252.212,2025-09-13 05:07:33
Password Change,89.149.170.159,2025-09-14 03:33:55
Successful Login,13.253.60.76,2025-08-25 00:46:09
Suspicious File Access,16.214.39.24,2025-09-06 08:44:39
Successful Login,199.201.206.72,2025-09-03 00:52:32
Suspicious File Access,53.2.127.141,2025-08-29 12:42:18
Failed Login,169.192.148.18,2025-08-31 03:56:14
Password Change,195.96.215.7,2025-09-04 17:40:09
Successful Login,106.101.247.236,2025-09-13 13:21:38
Successful Login,29.196.193.49,2025-09-14 10:38:49
Password Change,177.212.180.81,2025-08-25 08:16:42
Suspicious File Access,211.211.249.255,2025-08-18 08:53:38
Suspicious File Access,173.83.120.133,2025-08-16 11:56:38
Successful Login,3.61.7.230,2025-09-15 03:00:14
Password Change,192.55.24.210,2025-08-23 11:36:55
Suspicious File Access,171.196.166.211,2025-08-26 21:17:36
Successful Login,35.97.20.136,2025-09-04 02:30:03
Password Change,38.230.144.247,2025-08-23 08:22:37
Unauthorized Access,234.119.128.21,2025-08-22 14:41:22
Suspicious File Access,96.123.24.122,2025-09-04 08:55:51
Password Change,202.97.66.242,2025-09-02 17:01:16
Successful Login,166.225.4.97,2025-08-18 17:50:03
Password Change,8.84.72.138,2025-08-22 14:36:43
Password Change,50.0.156.251,2025-08-23 19:02:18
Failed Login,163.18.141.218,2025-09-07 12:16:45
Unauthorized Access,138.26.14.40,2025-08-20 15:45:45
Failed Login,107.114.104.114,2025-08-28 08:11:40
Successful Login,236.19.209.82,2025-09-03 18:07:29
Password Change,62.2.155.129,2025-08-24 04:36:56
Unauthorized Access,188.226.174.179,2025-08-20 17:27:38
Successful Login,198.89.100.102,2025-08-26 04:07:14
Password Change,149.158.87.230,2025-09-02 01:44:18
Successful Login,69.62.67.220,2025-09-08 02:53:41
Successful Login,160.18.51.50,2025-08-24 11:49:44
Failed Login,201.200.163.170,2025-09-02 22:50:51
Failed Login,164.48.137.214,2025-09-05 22:07:58
Password Change,164.73.32.129,2025-09-12 17:24:08
Failed Login,234.224.235.143,2025-09-14 09:54:53
Failed Login,42.223.25.247,2025-08-29 22:34:27
Successful Login,103.62.237.69,2025-08-28 16:02:27
Suspicious File Access,197.186.249.71,2025-09-10 12:43:20
Password Change,151.49.49.227,2025-08-16 13:08:23
Suspicious File Access,6.2.234.191,2025-08-24 17:31:55
Failed Login,185.186.191.230,2025-08-22 02:53:56
Password Change,192.242.194.159,2025-08-30 10:50:48
Password Change,168.192.67.6,2025-08-25 17:24:01
Successful Login,188.221.203.89,2025-09-01 04:12:44
Password Change,80.32.83.152,2025-08-22 20:43:09
Failed Login,73.130.60.218,2025-08-31 00:03:00
Failed Login,15.117.113.224,2025-09-14 18:18:05
Password Change,232.130.143.120,2025-08-22 23:47:31
Suspicious File Access,211.2.87.167,2025-08-18 20:31:31
Suspicious File Access,173.70.195.2,2025-09-01 07:30:10
Failed Login,213.5.213.93,2025-09-03 00:31:29
Unauthorized Access,94.61.43.82,2025-08-25 03:00:12
Suspicious File Access,157.172.164.186,2025-08-21 19:11:48
Failed Login,14.180.17.188,2025-09-02 20:16:30
Failed Login,44.5.175.43,2025-08-30 11:41:58
Suspicious File Access,130.75.202.66,2025-08-29 00:40:41
Password Change,68.142.90.100,2025-08-25 01:01:07
Unauthorized Access,232.79.61.244,2025-09-04 12:07:07
Unauthorized Access,211.222.90.87,2025-09-06 10:34:41
Suspicious File Access,130.241.88.188,2025-08-27 06:36:54
Successful Login,104.106.35.98,2025-09-06 17:56:39
Password Change,160.31.181.56,2025-08-29 19:31:34
Password Change,119.223.30.37,2025-09-06 14:00:48
Password Change,57.219.79.226,2025-08-18 14:21:25
Successful Login,89.98.158.133,2025-09-07 16:58:02
Suspicious File Access,238.234.128.170,2025-09-14 13:03:07
Password Change,17.225.119.76,2025-09-12 12:05:26
Unauthorized Access,200.155.54.70,2025-08-26 16:08:26
Password Change,164.119.131.81,2025-08-25 13:27:51
Failed Login,215.76.211.154,2025-09-13 10:48:51
Suspicious File Access,211.125.10.41,2025-09-09 17:27:58
Failed Login,190.162.138.232,2025-08-27 16:25:23
Password Change,166.164.104.234,2025-09-09 00:14:08
Unauthorized Access,71.88.193.64,2025-09-12 08:49:22
Unauthorized Access,201.89.139.198,2025-09-13 01:53:56
Suspicious File Access,41.150.199.117,2025-09-11 00:12:19
Password Change,173.191.252.36,2025-08-29 08:54:55
Successful Login,124.212.19.87,2025-08-29 15:51:10
Suspicious File Access,222.69.26.98,2025-09-14 00:21:10
Password Change,106.93.117.166,2025-08-30 06:02:12
Unauthorized Access,228.155.61.85,2025-08-29 01:37:57
Failed Login,36.147.135.97,2025-09-04 17:20:12
Unauthorized Access,136.162.17.242,2025-08-29 08:05:24
Password Change,216.77.12.76,2025-09-05 23:56:20
Suspicious File Access,178.230.19.144,2025-08-20 21:33:00
Password Change,90.51.249.228,2025-08-16 09:12:04
Suspicious File Access,232.70.221.49,2025-09-06 09:01:39
Unauthorized Access,103.33.26.36,2025-08-20 03:19:17
Successful Login,49.183.37.108,2025-08-29 22:07:12
Unauthorized Access,217.53.134.18,2025-09-01 12:12:09
Failed Login,72.160.101.57,2025-09-04 05:52:21
Successful Login,47.100.86.104,2025-09-03 11:47:26
Unauthorized Access,148.146.133.20,2025-09-05 19:46:52
Password Change,12.32.182.151,2025-09-07 02:44:00
Unauthorized Access,163.2.27.104,2025-08-24 20:31:08
Suspicious File Access,95.122.253.74,2025-09-11 19:21:48
Suspicious File Access,153.195.229.201,2025-09-06 20:27:50
Password Change,140.89.203.57,2025-08-29 08:06:54
Suspicious File Access,38.70.174.79,2025-09-02 05:47:17
Unauthorized Access,196.249.211.232,2025-08-21 15:38:06
Failed Login,15.243.153.224,2025-08-20 03:36:57
Password Change,51.50.37.133,2025-08-23 21:39:16
Unauthorized Access,15.187.227.82,2025-08-22 03:26:35
Suspicious File Access,82.198.70.54,2025-09-12 06:04:59
Suspicious File Access,67.213.158.51,2025-08-19 09:52:21
Successful Login,212.184.183.20,2025-09-03 12:40:32
Suspicious File Access,116.223.17.145,2025-09-13 14:45:49
Failed Login,163.110.24.5,2025-08-27 01:19:41
Failed Login,180.193.89.59,2025-08-22 02:26:06
Failed Login,178.156.191.28,2025-08-24 17:28:15
Suspicious File Access,50.117.185.166,2025-09-13 18:53:55
Failed Login,224.204.206.187,2025-08-26 02:59:01
Failed Login,71.177.132.37,2025-09-10 13:06:39
Successful Login,44.123.29.54,2025-09-09 15:37:56
Password Change,242.51.75.27,2025-09-13 00:18:25
Successful Login,189.14.38.77,2025-08-24 22:00:49
Password Change,214.167.188.64,2025-08-28 18:22:18
Failed Login,227.151.227.136,2025-08-18 07:22:48
Failed Login,93.107.233.231,2025-09-07 18:13:46
Unauthorized Access,98.119.220.218,2025-09-02 01:06:16
Suspicious File Access,208.133.35.69,2025-09-07 16:52:28
Suspicious File Access,135.210.158.251,2025-08-17 08:53:43
Successful Login,111.13.42.242,2025-08-26 07:36:06
Suspicious File Access,73.250.24.198,2025-09-15 07:24:51
Failed Login,181.4.203.51,2025-09-13 23:30:34
Suspicious File Access,144.60.180.242,2025-09-01 14:15:21
Unauthorized Access,114.219.193.134,2025-08-23 11:08:11
Password Change,142.153.56.11,2025-08-26 16:35:45
Failed Login,123.95.84.52,2025-08-20 01:21:05
Suspicious File Access,76.33.219.214,2025-08-20 10:34:18
Failed Login,157.105.204.179,2025-08-23 15:09:31
Suspicious File Access,131.197.214.95,2025-08-16 08:51:53
Successful Login,209.1.205.125,2025-09-10 20:37:46
Suspicious File Access,193.174.92.71,2025-09-03 23:25:37
Unauthorized Access,28.46.224.137,2025-09-06 03:25:16
Successful Login,172.44.215.74,2025-08-28 01:18:20
Password Change,115.22.216.205,2025-08-21 16:09:35
Successful Login,136.111.126.156,2025-09-04 01:18:11
Suspicious File Access,28.58.46.135,2025-09-12 12:27:54
Suspicious File Access,103.142.121.36,2025-08-27 15:13:06
Successful Login,72.140.93.134,2025-08-19 10:38:55
Successful Login,36.117.60.38,2025-08-27 05:14:08
Failed Login,30.56.122.143,2025-09-06 00:54:07
Successful Login,105.126.113.140,2025-08-22 13:50:09
Suspicious File Access,242.126.173.14,2025-08-19 03:16:42
Failed Login,83.13.252.228,2025-08-24 03:59:02
Suspicious File Access,251.16.151.6,2025-08-16 22:15:45
Suspicious File Access,26.51.65.131,2025-08-24 12:50:39
Suspicious File Access,106.62.174.5,2025-09-12 03:05:33
Suspicious File Access,168.6.96.178,2025-09-09 09:33:40
Successful Login,248.250.78.231,2025-09-10 10:53:39
Password Change,253.32.94.171,2025-08-30 03:20:12
Failed Login,158.1.141.3,2025-08-21 09:52:08
Password Change,57.229.32.81,2025-08-17 19:22:37
Unauthorized Access,97.20.153.37,2025-09-03 00:19:32
Password Change,232.153.11.78,2025-09-04 09:15:05
Password Change,157.151.136.187,2025-08-19 22:29:08
Password Change,132.96.47.255,2025-08-28 02:36:41
Unauthorized Access,23.222.71.180,2025-08-19 06:05:35
Password Change,90.184.179.160,2025-09-02 05:44:37
Suspicious File Access,106.97.181.125,2025-08-31 02:47:05
Suspicious File Access,168.17.59.169,2025-09-09 12:44:20
Password Change,60.25.216.109,2025-08-22 08:43:47
Successful Login,69.179.211.220,2025-09-12 07:11:10
Failed Login,141.219.235.138,2025-09-13 12:22:08
Password Change,104.109.132.186,2025-09-12 08:04:48
Suspicious File Access,147.60.221.111,2025-08-27 10:25:42
Suspicious File Access,131.77.150.238,2025-09-11 23:12:21
Successful Login,124.113.50.20,2025-08-31 11:53:54
Suspicious File Access,215.137.70.62,2025-09-12 10:22:05
Unauthorized Access,40.200.98.139,2025-09-02 12:50:15
Password Change,89.197.230.253,2025-08-16 16:08:39
Unauthorized Access,118.122.32.225,2025-09-06 03:57:56
Unauthorized Access,196.71.42.158,2025-09-12 03:26:21
Successful Login,102.201.2.187,2025-09-11 16:22:40
Failed Login,240.202.253.33,2025-08-30 14:02:19
Unauthorized Access,230.185.54.167,2025-08-25 21:13:08
Successful Login,202.153.138.240,2025-08-28 17:57:22
Password Change,143.150.253.152,2025-09-09 21:01:08
Password Change,10.196.252.82,2025-09-11 06:46:16
Password Change,84.140.213.235,2025-09-14 03:33:42
Successful Login,14.149.75.222,2025-08-17 14:10:03
Password Change,148.173.15.99,2025-08-27 20:08:25
Unauthorized Access,72.131.99.92,2025-09-06 05:06:33
Unauthorized Access,17.140.126.68,2025-08-16 15:53:46
Failed Login,141.120.142.7,2025-09-14 05:28:38
Suspicious File Access,90.101.119.28,2025-08-23 18:39:02
Unauthorized Access,241.237.161.22,2025-08-22 08:06:36
Failed Login,49.187.203.149,2025-08-20 21:02:39
Successful Login,144.173.95.147,2025-08-26 06:53:59
Unauthorized Access,85.105.197.65,2025-09-12 07:57:42
Password Change,192.78.35.120,2025-09-07 14:22:15
Unauthorized Access,240.137.211.94,2025-08-31 00:15:59
Suspicious File Access,166.47.6.89,2025-09-02 08:39:06
Failed Login,63.227.212.81,2025-09-12 11:57:55
Successful Login,235.59.249.190,2025-08-28 17:56:19
Suspicious File Access,155.13.176.225,2025-09-10 09:15:07
Failed Login,77.220.225.1,2025-08-26 04:37:48
Successful Login,165.229.45.104,2025-09-01 07:37:36
Password Change,184.51.135.138,2025-09-02 09:47:33
Successful Login,254.51.52.197,2025-09-08 23:22:08
Password Change,158.186.151.168,2025-09-04 08:34:11
Unauthorized Access,162.20.106.190,2025-08-26 05:33:21
Suspicious File Access,1.246.46.108,2025-08-21 02:47:58
Suspicious File Access,216.59.54.247,2025-09-13 17:07:44
Failed Login,254.180.222.52,2025-08-25 09:49:34
Unauthorized Access,119.30.139.16,2025-08-31 15:21:13
Successful Login,211.39.191.162,2025-09-14 22:49:44
Failed Login,58.132.86.218,2025-08-31 21:43:42
Unauthorized Access,253.131.224.7,2025-09-04 16:45:11
Suspicious File Access,211.236.194.8,2025-09-13 05:52:19
Successful Login,209.66.80.46,2025-09-05 20:25:49
Password Change,198.60.0.110,2025-09-12 09:10:05
Successful Login,167.121.62.144,2025-09-13 17:12:20
Password Change,56.2.112.218,2025-08-23 09:50:15
Successful Login,23.230.16.249,2025-09-04 08:58:42
Failed Login,134.57.151.168,2025-08-18 07:16:26
Unauthorized Access,124.190.8.124,2025-08-22 19:37:28
Suspicious File Access,169.163.31.181,2025-09-07 04:47:33
Failed Login,142.186.179.64,2025-09-02 17:47:34
Successful Login,227.206.150.128,2025-09-03 02:24:54
Password Change,17.100.56.80,2025-08-24 10:40:08
Successful Login,46.41.44.6,2025-08-29 21:26:28
Failed Login,244.148.110.225,2025-08-17 10:18:42
Successful Login,83.136.225.47,2025-08-17 08:57:18
Password Change,174.83.212.201,2025-09-15 00:25:08
Successful Login,252.93.123.174,2025-08-19 03:40:32
Password Change,82.73.203.186,2025-08-28 21:28:21
Unauthorized Access,232.178.120.148,2025-08-24 10:28:09
Suspicious File Access,156.211.75.90,2025-08-26 02:35:18
Failed Login,79.33.254.182,2025-08-19 06:35:42
Suspicious File Access,28.153.159.128,2025-08-24 07:15:33
Failed Login,220.217.24.30,2025-08-22 04:58:04
Password Change,126.108.133.169,2025-09-06 20:27:31
Unauthorized Access,85.221.245.90,2025-09-04 10:02:23
Successful Login,37.197.232.166,2025-08-17 03:43:44
Suspicious File Access,43.9.189.134,2025-09-03 12:09:30
Successful Login,168.253.91.160,2025-09-08 02:10:46
Successful Login,196.99.252.57,2025-08-23 02:58:43
Failed Login,140.0.126.136,2025-08-27 19:54:15
Successful Login,28.100.228.179,2025-08-30 23:50:24
Suspicious File Access,204.130.139.167,2025-08-20 07:14:21
Suspicious File Access,182.132.247.33,2025-09-10 00:56:54
Suspicious File Access,96.197.242.45,2025-09-06 12:38:43
Successful Login,126.149.199.119,2025-08-23 01:41:05
Suspicious File Access,159.76.126.227,2025-08-21 11:23:19
Suspicious File Access,15.170.112.54,2025-09-09 20:49:58
Failed Login,225.87.173.159,2025-08-23 11:20:45
Successful Login,73.236.173.243,2025-09-04 11:24:36
Password Change,82.172.76.30,2025-08-16 12:52:27
Unauthorized Access,248.115.228.20,2025-08-25 18:52:19
Suspicious File Access,160.24.65.250,2025-09-13 07:50:04
Password Change,183.232.63.117,2025-09-12 02:08:50
Password Change,60.244.137.178,2025-08-28 09:31:04
Unauthorized Access,57.126.56.232,2025-09-08 19:14:20
Successful Login,33.240.126.222,2025-08-22 13:04:03
Unauthorized Access,138.45.250.249,2025-08-23 07:44:52
Suspicious File Access,116.32.59.176,2025-08-31 10:06:44
Password Change,30.132.215.111,2025-08-26 21:06:46
Failed Login,222.238.215.185,2025-08-21 21:23:19
Failed Login,111.84.202.136,2025-08-21 02:27:17
Suspicious File Access,194.74.131.184,2025-08-22 09:27:20
Unauthorized Access,119.153.57.191,2025-08-23 17:58:42
Unauthorized Access,40.245.245.24,2025-09-03 10:16:32
Successful Login,183.46.204.247,2025-09-11 00:37:16
Password Change,42.229.120.49,2025-08-31 19:57:39
Failed Login,46.60.199.52,2025-09-05 06:43:34
Failed Login,182.176.252.253,2025-08-19 13:20:27
Successful Login,227.253.87.173,2025-08-17 09:18:42
Suspicious File Access,151.208.158.140,2025-08-26 19:38:50
Unauthorized Access,212.152.172.251,2025-08-23 17:20:43
Successful Login,223.150.236.170,2025-08-22 10:43:52
Failed Login,146.147.172.69,2025-08-26 06:35:58
Suspicious File Access,103.124.227.0,2025-08-31 19:35:37
Unauthorized Access,87.219.43.128,2025-08-28 13:50:00
Suspicious File Access,140.46.30.63,2025-09-11 13:18:28
Suspicious File Access,36.180.80.227,2025-08-31 21:55:07
Unauthorized Access,186.156.90.81,2025-09-05 14:14:13
Suspicious File Access,38.158.212.0,2025-09-04 23:24:55
Password Change,18.103.253.77,2025-08-30 23:28:48
Successful Login,249.230.74.191,2025-08-30 10:51:16
Password Change,232.34.234.83,2025-08-29 14:08:18
Unauthorized Access,90.32.106.91,2025-08-23 00:08:29
Suspicious File Access,55.6.245.17,2025-09-03 13:18:35
Failed Login,217.216.125.4,2025-09-01 18:01:02
Unauthorized Access,3.62.198.193,2025-09-11 08:48:36
Password Change,36.15.35.240,2025-09-10 11:59:21
Suspicious File Access,66.41.7.243,2025-09-12 06:05:48
Failed Login,225.125.127.170,2025-08-27 08:41:04
Failed Login,25.187.4.77,2025-09-08 05:29:30
Password Change,138.239.153.219,2025-08-21 04:19:47
Unauthorized Access,211.57.124.158,2025-08-22 00:03:30
Suspicious File Access,140.98.29.173,2025-09-03 15:12:27
Failed Login,149.173.134.104,2025-09-10 18:55:55
Password Change,191.174.255.73,2025-09-05 11:30:58
Successful Login,247.196.194.73,2025-09-08 03:16:50
Suspicious File Access,109.182.228.20,2025-08-23 15:56:02
Suspicious File Access,8.222.117.147,2025-08-26 13:55:49
Password Change,110.155.89.220,2025-09-12 16:39:22
Failed Login,244.5.105.165,2025-09-03 10:19:06
Failed Login,250.75.145.242,2025-08-16 11:28:30
Suspicious File Access,97.252.216.88,2025-08-18 01:51:03
Password Change,93.89.85.187,2025-08-29 12:16:35
Unauthorized Access,196.159.239.214,2025-08-20 22:49:56
Suspicious File Access,244.50.233.129,2025-09-05 06:42:23
Failed Login,238.232.228.195,2025-09-03 07:46:04
Suspicious File Access,14.30.224.90,2025-08-25 14:21:25
Password Change,40.254.170.248,2025-09-13 09:41:55
Unauthorized Access,137.196.136.34,2025-08-21 09:27:44
Failed Login,205.130.22.37,2025-08-26 12:29:14
Unauthorized Access,61.30.7.182,2025-08-20 13:03:01
Password Change,177.6.46.24,2025-08-21 14:07:20
Successful Login,29.233.8.93,2025-08-23 17:51:41
Successful Login,186.103.246.202,2025-08-24 12:44:11
Unauthorized Access,106.85.133.81,2025-08-31 20:51:53
Unauthorized Access,221.158.44.139,2025-09-07 14:59:13
Unauthorized Access,126.112.33.236,2025-08-26 01:58:35
Password Change,133.205.55.104,2025-09-04 16:36:13
Suspicious File Access,164.254.144.197,2025-08-16 23:06:04
Successful Login,1.249.43.74,2025-09-05 05:35:13
Suspicious File Access,235.248.38.11,2025-08-24 23:34:20
Successful Login,35.30.85.57,2025-08-27 12:59:14
Suspicious File Access,129.62.43.18,2025-08-29 23:12:10
Successful Login,58.66.177.169,2025-08-30 01:21:18
Unauthorized Access,187.44.154.163,2025-08-28 08:43:38
Unauthorized Access,71.244.222.204,2025-09-03 15:24:21
Failed Login,202.216.175.245,2025-09-07 23:11:15
Suspicious File Access,212.204.1.66,2025-08-25 13:57:36
Unauthorized Access,231.168.159.68,2025-08-18 08:28:35
Suspicious File Access,178.178.21.255,2025-08-30 09:29:56
Password Change,42.224.49.174,2025-08-17 12:23:29
Suspicious File Access,222.251.102.162,2025-08-31 06:20:23
Unauthorized Access,141.36.115.219,2025-08-21 17:47:02
Successful Login,216.84.179.172,2025-09-02 23:31:50
Suspicious File Access,116.142.18.210,2025-09-10 07:26:00
Successful Login,24.90.147.224,2025-09-13 01:51:22
Failed Login,56.23.152.250,2025-09-05 20:26:41
Unauthorized Access,112.4.162.207,2025-09-07 10:46:42
Failed Login,120.105.19.69,2025-09-07 18:00:58
Suspicious File Access,137.34.207.174,2025-09-04 13:55:54
Unauthorized Access,113.218.159.113,2025-09-05 21:36:49
Failed Login,247.227.10.93,2025-09-08 02:24:45
Successful Login,53.73.184.172,2025-08-21 03:41:42
Successful Login,245.59.211.161,2025-08-22 14:24:47
Suspicious File Access,22.74.84.145,2025-09-02 12:07:09
Suspicious File Access,83.205.41.157,2025-09-10 22:22:38
Successful Login,231.106.167.39,2025-08-30 01:17:15
Failed Login,36.128.194.73,2025-08-24 14:38:36
Suspicious File Access,165.47.41.172,2025-08-31 20:45:46
Suspicious File Access,211.19.20.151,2025-09-03 18:26:49
Suspicious File Access,128.122.147.84,2025-08-23 12:05:52
Password Change,230.114.222.235,2025-08-22 10:57:21
Password Change,234.245.191.147,2025-08-28 07:44:44
Password Change,240.29.105.136,2025-08-30 16:40:49
Password Change,136.84.175.223,2025-08-22 10:37:01
Failed Login,223.102.185.70,2025-08-22 05:35:58
Password Change,11.8.51.91,2025-09-14 03:17:49
Unauthorized Access,179.40.20.161,2025-08-25 23:34:59
Failed Login,107.77.124.89,2025-09-14 09:01:21
Successful Login,146.23.192.86,2025-08-31 09:52:42
Suspicious File Access,153.140.162.26,2025-09-05 14:25:09
Suspicious File Access,79.211.134.13,2025-09-13 12:34:26
Unauthorized Access,235.200.106.87,2025-09-15 01:31:05
Suspicious File Access,121.234.17.41,2025-08-31 12:35:25
Unauthorized Access,43.115.52.240,2025-08-27 10:35:38
Failed Login,119.18.66.220,2025-08-28 04:19:42
Password Change,237.198.6.98,2025-08-21 14:06:46
Suspicious File Access,212.10.107.211,2025-08-24 16:26:18
Suspicious File Access,219.250.229.103,2025-08-27 12:09:41
Failed Login,144.114.47.255,2025-09-04 20:41:48
Suspicious File Access,144.149.8.82,2025-09-10 02:32:06
Unauthorized Access,128.146.134.42,2025-09-06 03:57:00
Failed Login,181.212.168.23,2025-09-14 00:12:49
Failed Login,160.33.115.78,2025-08-26 10:17:04
Successful Login,81.48.47.175,2025-08-25 01:05:07
Unauthorized Access,143.165.123.253,2025-09-07 22:17:13
Failed Login,131.151.162.101,2025-08-21 06:55:28
Successful Login,69.211.207.119,2025-09-14 12:30:31
Password Change,14.168.161.118,2025-08-31 03:21:55
Successful Login,6.14.241.78,2025-08-16 17:56:25
Unauthorized Access,95.9.212.30,2025-08-22 00:56:54
Failed Login,203.182.138.95,2025-09-12 10:50:55
Suspicious File Access,124.110.66.125,2025-08-31 21:36:17
Unauthorized Access,211.69.164.219,2025-08-21 20:31:48
Successful Login,172.166.214.218,2025-08-19 00:34:29
Suspicious File Access,192.141.27.19,2025-08-16 20:16:15
Successful Login,103.22.43.54,2025-08-26 00:45:32
Successful Login,141.239.243.207,2025-08-24 11:42:36
Suspicious File Access,163.25.171.127,2025-08-27 09:55:01
Successful Login,167.123.162.94,2025-09-11 18:54:02
Successful Login,199.148.235.26,2025-09-10 14:20:46
Failed Login,78.226.96.99,2025-08-31 08:36:26
Failed Login,209.218.249.51,2025-08-22 04:12:25
Password Change,182.211.196.120,2025-08-29 16:50:06
Password Change,221.9.93.14,2025-09-01 00:16:03
Suspicious File Access,121.15.185.58,2025-09-12 16:33:42
Password Change,29.140.89.96,2025-08-21 19:44:46
Failed Login,236.34.17.132,2025-09-02 13:58:36
Suspicious File Access,35.171.5.251,2025-09-03 23:57:25
Unauthorized Access,247.50.136.191,2025-08-18 04:45:22
Unauthorized Access,75.61.35.12,2025-08-30 16:02:59
Suspicious File Access,22.164.185.198,2025-09-02 22:51:31
Failed Login,56.222.226.235,2025-08-20 03:48:22
Suspicious File Access,166.103.190.90,2025-09-04 08:16:31
Suspicious File Access,83.197.76.226,2025-09-14 10:08:03
Unauthorized Access,29.149.173.151,2025-08-31 12:13:58
Password Change,148.29.34.98,2025-09-12 16:42:22
Suspicious File Access,136.109.247.171,2025-08-21 11:37:43
Unauthorized Access,135.40.132.14,2025-09-11 07:34:15
Failed Login,162.114.114.9,2025-08-22 07:05:15
Unauthorized Access,154.28.144.4,2025-09-05 21:59:07
Successful Login,126.210.47.75,2025-09-10 19:49:38
Successful Login,113.44.3.48,2025-09-08 09:20:11
Failed Login,30.242.222.180,2025-09-01 13:00:13
Successful Login,219.56.0.180,2025-09-15 07:07:37
Suspicious File Access,255.167.136.255,2025-09-08 18:49:18
Unauthorized Access,188.229.20.34,2025-09-08 13:29:38
Password Change,21.218.101.102,2025-08-30 11:55:09
Unauthorized Access,202.169.217.72,2025-09-11 12:23:38
Password Change,241.54.108.26,2025-09-07 00:08:12
Suspicious File Access,120.207.210.159,2025-09-06 20:28:08
Failed Login,119.234.73.31,2025-08-23 21:57:58
Password Change,21.156.108.18,2025-08-30 04:46:31
Successful Login,67.22.164.40,2025-09-12 21:34:36
Successful Login,13.168.40.205,2025-08-19 06:20:30
Failed Login,22.186.213.238,2025-08-23 15:20:11
Failed Login,69.46.45.124,2025-09-08 23:33:24
Unauthorized Access,159.38.239.53,2025-09-10 10:02:40
Unauthorized Access,116.22.250.146,2025-09-13 03:04:55
Password Change,237.146.207.87,2025-09-02 04:38:56
Unauthorized Access,109.189.110.213,2025-08-20 10:29:51
Successful Login,113.20.112.219,2025-09-03 20:45:32
Successful Login,218.149.241.44,2025-09-13 18:19:21
Unauthorized Access,193.6.237.179,2025-08-21 13:53:38
Unauthorized Access,210.183.211.189,2025-08-28 16:36:58
Suspicious File Access,212.56.174.10,2025-08-30 02:23:17
Suspicious File Access,189.222.61.124,2025-09-09 22:38:53
Failed Login,229.91.152.76,2025-08-26 23:06:43
Successful Login,3.109.237.157,2025-08-22 09:49:06
Successful Login,231.214.73.53,2025-08-17 04:40:01
Unauthorized Access,140.245.88.92,2025-09-09 07:19:48
Unauthorized Access,140.39.136.136,2025-08-24 17:39:19
Failed Login,47.172.106.52,2025-08-29 08:48:07
Successful Login,235.190.213.251,2025-09-11 03:18:58
Failed Login,208.208.28.253,2025-09-11 12:34:27
Suspicious File Access,128.148.178.35,2025-08-28 02:15:42
Suspicious File Access,156.99.171.69,2025-08-28 15:06:41
Failed Login,248.235.139.13,2025-09-06 08:12:21
Successful Login,139.255.131.206,2025-09-02 20:44:53
Unauthorized Access,225.36.112.239,2025-09-08 20:24:48
Unauthorized Access,138.169.108.58,2025-09-14 16:20:59
Successful Login,174.165.47.188,2025-09-09 19:46:38
Failed Login,138.67.243.88,2025-08-21 23:39:19
Suspicious File Access,184.132.115.58,2025-09-12 16:31:50
Suspicious File Access,55.171.43.3,2025-09-14 18:27:46
Password Change,77.251.239.80,2025-08-31 12:11:45
Password Change,221.23.50.167,2025-09-02 13:19:00
Unauthorized Access,213.70.191.83,2025-09-09 22:49:28
Password Change,132.134.203.176,2025-09-10 18:11:17
Unauthorized Access,108.180.149.104,2025-09-12 14:47:44
Unauthorized Access,84.208.243.241,2025-08-22 10:44:09
Failed Login,68.176.29.65,2025-08-30 16:40:53
Suspicious File Access,249.227.25.215,2025-08-18 07:09:06
Unauthorized Access,23.1.205.144,2025-08-27 23:18:55
Password Change,166.18.169.189,2025-08-30 23:49:12
Unauthorized Access,78.235.78.219,2025-08-24 19:03:07
Suspicious File Access,30.12.122.81,2025-08-24 15:54:45
Suspicious File Access,75.65.162.135,2025-09-02 03:50:29
Suspicious File Access,220.215.252.17,2025-09-01 23:30:47
Successful Login,209.158.93.33,2025-09-11 05:47:48
Successful Login,223.125.101.151,2025-08-26 16:31:48
Unauthorized Access,111.3.236.194,2025-08-28 20:57:50
Password Change,214.104.202.196,2025-09-07 19:00:56
Password Change,129.229.245.84,2025-08-23 06:34:03
Successful Login,78.35.131.75,2025-08-17 10:41:32
Password Change,93.12.52.61,2025-08-29 18:34:10
Password Change,125.253.41.18,2025-08-16 16:18:24
Unauthorized Access,247.15.59.187,2025-08-28 12:20:56
Suspicious File Access,65.229.252.82,2025-08-18 03:02:46
Suspicious File Access,24.128.84.125,2025-09-15 05:07:23
Password Change,214.205.11.178,2025-08-25 08:22:56
Password Change,187.110.139.150,2025-09-02 23:24:03
Suspicious File Access,48.64.150.74,2025-09-13 12:11:56
Failed Login,172.171.197.101,2025-09-02 20:18:12
Successful Login,83.129.34.68,2025-08-18 07:47:27
Password Change,112.231.182.67,2025-08-23 10:43:24
Suspicious File Access,227.69.223.234,2025-09-12 02:04:05
Unauthorized Access,249.10.108.155,2025-09-04 17:28:54
Unauthorized Access,49.93.151.116,2025-09-05 21:17:34
Successful Login,70.253.124.30,2025-08-23 10:09:01
Suspicious File Access,103.60.54.62,2025-08-17 13:01:48
Successful Login,239.62.27.96,2025-09-10 16:09:50
Successful Login,131.231.34.246,2025-09-01 19:01:44
Successful Login,172.9.96.15,2025-08-30 20:36:52
Successful Login,175.77.64.25,2025-09-09 20:03:32
Successful Login,206.24.147.63,2025-09-13 02:46:59
Successful Login,239.156.11.83,2025-08-18 05:21:36
Failed Login,83.94.2.255,2025-08-16 13:12:03
Unauthorized Access,245.236.164.116,2025-08-21 20:43:34
Password Change,44.179.113.46,2025-09-02 16:04:43
Failed Login,94.231.221.63,2025-08-31 08:45:45
Successful Login,153.42.181.75,2025-08-17 01:43:21
Password Change,36.212.159.75,2025-09-03 19:07:12
Password Change,85.91.227.77,2025-09-01 22:18:35
Suspicious File Access,58.6.70.161,2025-08-30 00:23:50
Password Change,201.100.39.127,2025-08-28 14:52:52
Failed Login,172.0.100.81,2025-08-25 07:20:06
Successful Login,66.145.93.182,2025-08-29 13:57:00
Failed Login,233.116.201.102,2025-08-21 07:58:57
Password Change,174.176.156.156,2025-08-18 21:47:28
Password Change,177.159.61.161,2025-08-29 16:24:40
Failed Login,152.18.248.205,2025-08-26 20:08:10
Password Change,121.63.120.69,2025-08-19 18:31:18
Successful Login,44.181.152.138,2025-09-10 16:38:48
Suspicious File Access,12.203.120.142,2025-09-08 02:40:44
Failed Login,60.32.195.89,2025-08-30 03:07:04
Successful Login,103.214.229.92,2025-09-13 01:56:16
Successful Login,178.130.106.5,2025-08-21 15:50:11
Successful Login,249.90.223.212,2025-09-12 07:41:28
Unauthorized Access,197.239.166.46,2025-09-02 08:29:33
Successful Login,50.249.221.238,2025-09-05 05:13:47
Unauthorized Access,145.148.201.167,2025-08-17 01:24:15
Unauthorized Access,203.208.245.54,2025-08-29 04:45:37
Failed Login,77.79.170.79,2025-08-25 22:49:21
Unauthorized Access,148.53.37.106,2025-09-03 03:45:41
Successful Login,9.73.233.249,2025-08-26 11:20:57
Failed Login,68.101.9.7,2025-08-26 16:09:26
Failed Login,220.185.151.158,2025-08-30 14:38:55
Suspicious File Access,235.25.93.63,2025-09-01 06:13:17
Unauthorized Access,207.110.22.16,2025-09-01 18:14:09
Successful Login,116.49.174.127,2025-09-06 13:56:37
Password Change,12.174.123.111,2025-09-03 10:46:34
Failed Login,241.200.84.95,2025-08-16 21:00:06
Failed Login,20.193.226.94,2025-08-17 21:25:40
Unauthorized Access,42.43.119.173,2025-08-28 03:47:16
Suspicious File Access,239.50.46.215,2025-08-16 20:53:01
Successful Login,55.95.155.47,2025-08-19 23:27:05
Successful Login,32.159.114.194,2025-09-12 04:51:28
Suspicious File Access,120.31.39.157,2025-08-25 17:35:18
Password Change,47.190.250.149,2025-09-09 04:21:31
Suspicious File Access,243.240.255.185,2025-09-10 17:26:08
Unauthorized Access,71.71.165.33,2025-09-10 05:05:24
Unauthorized Access,161.105.195.236,2025-09-02 01:09:00
Unauthorized Access,205.74.204.186,2025-08-27 11:31:19
Unauthorized Access,216.16.93.41,2025-08-21 11:50:42
Suspicious File Access,220.33.170.253,2025-09-12 22:30:56
Successful Login,248.169.237.73,2025-08-23 20:44:06
Unauthorized Access,118.67.217.143,2025-08-26 03:38:42
Successful Login,120.224.144.142,2025-08-27 07:53:46
Unauthorized Access,24.24.22.179,2025-08-20 00:36:42
Failed Login,128.125.41.187,2025-09-05 03:33:03
Suspicious File Access,228.1.137.199,2025-09-02 18:51:09
Suspicious File Access,107.178.210.98,2025-09-11 21:30:11
Password Change,63.245.230.60,2025-09-08 13:10:22
Password Change,33.127.148.229,2025-08-16 22:39:43
Failed Login,73.224.98.5,2025-08-21 13:17:18
Successful Login,148.193.97.37,2025-08-28 15:35:35
Successful Login,30.58.62.81,2025-08-21 14:23:20
Successful Login,191.131.168.115,2025-09-08 00:08:18
Password Change,34.102.86.44,2025-09-15 07:05:30
Password Change,111.198.55.187,2025-08-23 22:34:41
Failed Login,38.123.215.220,2025-08-30 11:54:56
Failed Login,6.77.74.184,2025-09-13 11:23:46
Password Change,218.171.231.119,2025-08-20 00:14:28
Unauthorized Access,92.83.32.145,2025-08-29 15:30:52
Failed Login,209.43.5.253,2025-09-09 16:00:22
Password Change,111.245.91.158,2025-08-19 09:35:25
Successful Login,154.71.99.165,2025-08-18 07:55:46
Unauthorized Access,35.102.233.170,2025-09-11 08:34:17
Unauthorized Access,198.101.178.230,2025-09-06 16:59:48
Unauthorized Access,77.36.147.150,2025-09-07 08:46:39
Unauthorized Access,248.224.226.85,2025-09-03 15:47:25
Successful Login,169.203.57.39,2025-08-31 18:40:23
Unauthorized Access,248.132.116.34,2025-09-02 14:36:47
Unauthorized Access,150.210.219.180,2025-08-24 03:27:37
Password Change,67.122.239.158,2025-09-08 12:18:40
Successful Login,66.234.206.23,2025-08-20 19:54:48
Suspicious File Access,85.49.39.39,2025-08-25 00:33:25
Suspicious File Access,177.135.69.82,2025-08-26 01:20:15
Failed Login,189.198.43.89,2025-09-10 23:48:57
Suspicious File Access,47.127.56.219,2025-08-26 08:35:48
Failed Login,172.66.235.246,2025-08-25 00:08:07
Failed Login,58.72.173.144,2025-08-27 10:24:22
Suspicious File Access,153.154.215.37,2025-08-20 06:32:20
Password Change,99.206.160.36,2025-08-26 15:03:59
Unauthorized Access,135.208.172.211,2025-09-13 09:18:45
Password Change,31.222.133.169,2025-08-26 10:31:00
Suspicious File Access,29.35.141.33,2025-09-13 13:48:54
Unauthorized Access,254.228.138.61,2025-08-21 06:41:49
Unauthorized Access,169.35.124.195,2025-09-13 02:21:58
Password Change,19.55.5.121,2025-08-28 13:54:49
Failed Login,142.187.171.180,2025-08-17 19:24:13
Failed Login,165.186.81.241,2025-08-31 04:36:24
Failed Login,162.60.66.139,2025-08-31 02:21:55
Failed Login,112.40.255.247,2025-09-04 23:36:55
Failed Login,169.16.31.44,2025-08-21 18:43:00
Suspicious File Access,218.210.243.192,2025-09-06 17:18:33
Password Change,40.94.30.13,2025-08-28 02:22:29
Suspicious File Access,215.185.19.193,2025-09-05 05:45:17
Successful Login,238.115.119.80,2025-08-30 00:13:24
Unauthorized Access,157.128.92.224,2025-08-28 00:39:22
Successful Login,87.184.188.29,2025-08-17 16:19:54
Failed Login,26.37.254.100,2025-08-31 05:15:43
Successful Login,117.236.29.57,2025-08-25 19:02:20
Successful Login,73.60.211.230,2025-08-20 02:06:19
Unauthorized Access,120.211.53.45,2025-08-20 16:08:51
Successful Login,143.109.9.32,2025-09-08 02:14:04
Failed Login,23.91.161.93,2025-09-02 22:36:16
Successful Login,143.72.238.87,2025-08-24 09:36:21
Failed Login,248.73.80.161,2025-08-21 10:05:33
Suspicious File Access,214.56.73.178,2025-09-01 03:39:55
Suspicious File Access,89.235.161.163,2025-08-16 16:49:09
Failed Login,58.78.189.175,2025-08-31 02:01:41
Password Change,225.76.214.89,2025-09-09 01:28:17
Successful Login,149.158.10.208,2025-08-22 19:51:24
Unauthorized Access,67.152.109.199,2025-09-14 21:28:20
Failed Login,88.86.45.108,2025-09-06 17:14:36
Password Change,203.28.191.31,2025-08-17 19:12:10
Password Change,152.131.143.46,2025-09-10 10:30:45
Suspicious File Access,145.71.193.165,2025-08-27 04:31:43
Unauthorized Access,207.196.36.235,2025-08-18 03:51:39
Successful Login,150.7.107.163,2025-09-04 21:50:50
Suspicious File Access,142.96.220.108,2025-09-09 10:47:27
Unauthorized Access,201.142.132.57,2025-09-05 03:05:42
Password Change,57.66.139.208,2025-09-04 11:15:00
Suspicious File Access,66.214.100.220,2025-09-04 09:05:22
Password Change,156.222.129.239,2025-09-12 00:57:07
Password Change,198.233.27.32,2025-09-09 23:27:18
Failed Login,120.164.36.194,2025-08-26 06:00:42
Failed Login,171.97.80.159,2025-09-04 00:04:50
Suspicious File Access,191.251.152.255,2025-08-17 15:29:59
Suspicious File Access,118.233.16.67,2025-08-24 17:57:41
Unauthorized Access,84.205.66.141,2025-09-07 05:19:18
Password Change,116.137.49.180,2025-09-02 23:32:45
Successful Login,112.201.199.91,2025-08-18 20:30:47
Unauthorized Access,71.5.75.214,2025-09-10 11:46:17
Password Change,204.169.236.236,2025-09-01 20:46:10
Failed Login,172.87.135.193,2025-09-09 20:36:36
Failed Login,53.60.114.204,2025-09-09 04:30:23
Unauthorized Access,106.122.135.113,2025-09-08 03:29:46
Failed Login,238.161.121.126,2025-09-12 17:28:04
Password Change,67.156.84.32,2025-08-19 13:10:40
Successful Login,217.182.53.191,2025-09-13 18:08:11
Suspicious File Access,39.145.152.195,2025-08-29 04:13:19
Unauthorized Access,142.38.167.202,2025-08-28 12:12:28
Suspicious File Access,220.88.243.186,2025-09-07 00:58:02
Password Change,66.117.234.92,2025-08-24 07:48:20
Failed Login,181.172.165.177,2025-08-17 15:56:08
Password Change,201.24.102.171,2025-08-28 04:53:38
Failed Login,165.98.250.83,2025-09-09 06:36:01
Failed Login,13.220.227.18,2025-09-10 12:25:38
Successful Login,246.190.75.124,2025-09-08 09:49:47
Unauthorized Access,113.17.142.221,2025-08-30 07:44:55
Failed Login,146.173.44.193,2025-09-06 08:42:20
Suspicious File Access,63.200.67.189,2025-08-30 14:06:44
Unauthorized Access,142.249.195.213,2025-09-08 06:07:51
Successful Login,134.36.64.141,2025-09-01 15:12:46
Successful Login,212.156.94.251,2025-08-22 19:23:30
Unauthorized Access,15.96.35.154,2025-09-15 00:47:53
Password Change,229.208.98.215,2025-09-12 23:19:04
Successful Login,97.111.243.59,2025-08-27 18:57:11
Suspicious File Access,65.42.46.128,2025-08-23 01:30:18
Suspicious File Access,78.161.211.248,2025-09-10 21:28:12
Suspicious File Access,154.120.12.8,2025-08-25 16:08:17
Successful Login,45.217.9.193,2025-08-22 15:20:53
Password Change,106.159.161.85,2025-08-27 21:21:48
Password Change,108.29.17.135,2025-09-06 01:20:01
Unauthorized Access,254.57.160.193,2025-09-02 09:16:42
Unauthorized Access,251.171.136.250,2025-09-10 23:31:52
Failed Login,237.214.255.132,2025-08-18 16:26:49
Suspicious File Access,235.110.22.211,2025-08-16 22:41:38
Successful Login,191.39.137.138,2025-09-09 08:56:02
Successful Login,36.225.156.40,2025-08-30 15:29:30
Successful Login,130.62.212.2,2025-08-26 23:30:19
Suspicious File Access,147.175.47.208,2025-09-07 15:23:28
Successful Login,96.145.82.157,2025-09-04 00:50:56
Unauthorized Access,103.144.74.198,2025-09-06 09:35:12
Successful Login,123.5.247.104,2025-09-04 06:11:31
Password Change,188.118.193.14,2025-08-21 06:56:10
Failed Login,226.198.37.239,2025-08-22 13:26:14
Unauthorized Access,212.202.213.157,2025-08-22 11:55:09
Password Change,83.240.203.34,2025-09-08 13:43:11
Suspicious File Access,246.35.249.186,2025-09-07 15:59:17
Password Change,253.217.12.151,2025-08-20 17:52:48
Failed Login,82.71.143.119,2025-08-28 00:42:30
Suspicious File Access,30.73.226.198,2025-09-01 18:53:03
Successful Login,180.187.235.162,2025-08-30 03:09:11
Unauthorized Access,164.143.25.40,2025-08-22 07:45:08
Failed Login,45.174.110.238,2025-08-26 00:32:28
Suspicious File Access,158.99.251.185,2025-09-05 01:55:46
Failed Login,98.99.101.210,2025-08-28 01:21:15
Suspicious File Access,161.134.169.155,2025-09-13 17:52:59
Successful Login,5.182.150.86,2025-09-02 09:17:34
Successful Login,18.181.249.157,2025-09-04 19:25:57
Unauthorized Access,74.94.180.98,2025-09-09 00:50:54
Suspicious File Access,230.223.87.169,2025-08-29 00:10:29
Successful Login,173.138.57.157,2025-08-25 03:50:36
Failed Login,220.120.33.131,2025-09-08 00:31:39
Successful Login,22.105.186.29,2025-09-08 07:15:07
Unauthorized Access,157.150.159.72,2025-08-20 21:45:56
Unauthorized Access,223.89.70.10,2025-09-06 01:26:14
Failed Login,215.201.167.51,2025-08-22 06:34:09
Successful Login,89.94.170.86,2025-09-06 08:02:55
Successful Login,168.215.223.194,2025-08-29 09:25:56
Password Change,64.37.28.99,2025-08-28 05:46:00
Password Change,227.227.230.71,2025-08-26 23:50:07
Unauthorized Access,50.158.43.235,2025-08-26 17:36:22
Suspicious File Access,100.144.154.167,2025-08-20 03:29:06
Successful Login,11.166.165.144,2025-08-23 14:43:02
Unauthorized Access,238.247.142.58,2025-08-16 15:45:26
Suspicious File Access,228.234.174.33,2025-09-10 02:29:21
Password Change,192.155.111.141,2025-09-11 11:32:07
Successful Login,66.160.243.207,2025-08-16 20:27:39
Successful Login,58.234.183.43,2025-08-21 03:38:00
Unauthorized Access,56.69.101.6,2025-08-27 08:47:12
Successful Login,94.222.249.207,2025-08-22 14:28:57
Password Change,117.252.251.249,2025-08-22 05:50:46
Unauthorized Access,70.104.84.139,2025-08-16 16:42:22
Failed Login,220.79.160.11,2025-09-10 11:47:41
Password Change,172.22.111.123,2025-08-27 04:05:48
Password Change,5.157.167.118,2025-09-06 07:37:33
Password Change,13.109.144.130,2025-09-04 20:18:56
Suspicious File Access,81.110.249.238,2025-09-11 16:58:21
Successful Login,30.250.120.52,2025-09-03 14:51:53
Successful Login,142.168.244.87,2025-09-07 00:09:27
Suspicious File Access,40.171.123.160,2025-09-08 11:03:43
Successful Login,132.142.182.95,2025-08-22 09:01:50
Successful Login,2.186.6.81,2025-08-21 18:50:14
Suspicious File Access,205.91.104.166,2025-08-24 04:34:16
Suspicious File Access,153.207.90.186,2025-08-23 16:09:57
Password Change,146.70.38.171,2025-08-19 12:21:40
Successful Login,215.15.204.244,2025-09-10 18:23:08
Suspicious File Access,73.87.237.35,2025-08-22 07:30:24
Successful Login,246.147.18.173,2025-08-24 16:45:21
Failed Login,102.57.235.141,2025-08-30 18:53:04
Password Change,135.135.89.25,2025-09-08 14:16:17
Suspicious File Access,138.238.6.18,2025-08-18 04:21:00
Failed Login,146.129.252.151,2025-09-09 04:07:16
Password Change,87.177.174.84,2025-08-26 21:03:29
Unauthorized Access,66.76.120.62,2025-09-02 04:45:25
Password Change,220.40.134.13,2025-08-21 17:54:23
Successful Login,224.38.237.250,2025-08-20 15:05:45
Suspicious File Access,5.22.14.98,2025-09-13 03:12:31
Unauthorized Access,210.211.172.9,2025-09-05 23:35:18
Suspicious File Access,118.163.212.192,2025-08-19 04:43:59
Unauthorized Access,139.218.63.89,2025-08-16 16:12:55
Unauthorized Access,118.74.34.55,2025-09-03 09:11:27
Suspicious File Access,229.179.119.244,2025-08-30 10:38:11
Failed Login,9.84.172.74,2025-08-18 14:01:41
Suspicious File Access,204.235.246.248,2025-09-03 11:50:53
Unauthorized Access,111.196.167.238,2025-08-29 18:54:47
Successful Login,232.18.167.58,2025-09-07 19:44:17
Failed Login,205.103.30.56,2025-09-07 00:13:46
Password Change,153.138.236.161,2025-09-13 20:43:47
Suspicious File Access,34.202.159.204,2025-08-31 19:21:48
Failed Login,252.132.123.110,2025-09-05 17:56:50
Successful Login,128.47.115.125,2025-08-30 01:59:03
Successful Login,153.244.101.32,2025-09-04 21:59:13
Password Change,249.188.27.224,2025-08-22 16:29:11
Successful Login,124.84.62.112,2025-08-21 04:49:41
Suspicious File Access,253.29.11.254,2025-09-06 14:34:06
Successful Login,212.50.18.152,2025-08-20 14:21:44
Unauthorized Access,224.164.245.81,2025-09-13 06:15:06
Suspicious File Access,228.0.213.216,2025-09-04 05:10:01
Suspicious File Access,21.236.62.102,2025-09-05 13:48:11
Suspicious File Access,17.25.249.15,2025-09-13 23:06:26
Password Change,119.208.251.164,2025-08-23 07:47:52
Password Change,71.232.213.190,2025-09-03 21:50:01
Suspicious File Access,28.176.99.39,2025-08-29 16:08:00
Password Change,85.136.8.235,2025-08-28 21:33:23
Unauthorized Access,77.83.5.88,2025-09-13 23:45:03
Successful Login,186.56.154.174,2025-08-19 18:03:12
Password Change,163.39.179.206,2025-08-19 06:59:31
Suspicious File Access,226.15.121.157,2025-08-25 14:37:29
Failed Login,68.183.77.118,2025-08-30 06:13:15
Failed Login,173.146.64.54,2025-08-18 07:15:55
Password Change,10.89.141.180,2025-08-27 13:42:13
Suspicious File Access,249.160.92.240,2025-09-14 08:55:07
Suspicious File Access,236.18.160.243,2025-09-11 22:23:38
Suspicious File Access,193.94.167.41,2025-08-25 18:31:19
Successful Login,28.118.152.35,2025-09-03 18:32:48
Password Change,109.253.8.113,2025-08-31 12:21:21
Unauthorized Access,27.97.217.49,2025-08-22 02:49:11
Suspicious File Access,44.157.225.254,2025-08-17 04:03:07
Suspicious File Access,64.230.243.248,2025-08-18 10:59:00
Failed Login,222.40.11.233,2025-08-28 19:14:28
Suspicious File Access,46.178.70.223,2025-08-27 22:54:42
Successful Login,106.147.21.75,2025-09-05 16:06:09
Password Change,2.83.205.52,2025-08-16 08:48:52
Failed Login,71.219.183.192,2025-09-07 13:45:08
Unauthorized Access,198.175.67.150,2025-09-04 16:45:09
Suspicious File Access,22.43.160.154,2025-09-11 01:01:30
Password Change,147.184.147.242,2025-09-03 21:30:54
Successful Login,178.220.221.121,2025-08-25 22:50:11
Unauthorized Access,104.68.113.105,2025-08-20 10:57:03
Unauthorized Access,147.217.60.99,2025-08-17 21:12:30
Unauthorized Access,196.107.128.180,2025-08-23 08:12:11
Unauthorized Access,154.28.136.199,2025-08-30 01:46:15
Successful Login,234.60.162.52,2025-08-30 19:38:31
Unauthorized Access,128.128.134.182,2025-08-16 19:26:58
Failed Login,53.55.165.32,2025-08-21 05:25:22
Failed Login,207.254.97.46,2025-08-23 05:25:50
Suspicious File Access,70.191.151.88,2025-08-23 17:37:59
Failed Login,15.6.85.215,2025-09-03 18:44:36
Failed Login,179.83.30.95,2025-08-26 20:25:58
Password Change,103.115.82.199,2025-08-30 14:50:05
Password Change,56.99.207.158,2025-09-08 19:22:07
Successful Login,220.255.35.4,2025-08-22 16:09:56
Password Change,120.186.118.80,2025-08-22 05:40:00
Password Change,7.150.159.244,2025-09-03 16:49:20
Failed Login,93.80.172.79,2025-09-13 22:40:27
Unauthorized Access,60.241.145.166,2025-08-30 15:51:20
Password Change,183.24.181.205,2025-08-25 20:14:44
Successful Login,25.100.103.164,2025-09-01 11:51:13
Suspicious File Access,93.6.73.200,2025-08-28 03:10:26
Password Change,130.179.204.149,2025-09-03 20:54:40
Suspicious File Access,79.21.180.231,2025-09-10 20:01:21
Failed Login,11.0.105.175,2025-09-07 17:40:22
Failed Login,165.54.121.132,2025-08-18 11:09:09
Successful Login,189.95.192.119,2025-09-12 23:59:42
Successful Login,70.7.106.246,2025-09-07 05:49:45
Failed Login,236.19.97.106,2025-08-31 04:14:12
Suspicious File Access,127.253.127.67,2025-08-25 23:17:58
Failed Login,136.107.236.196,2025-08-28 05:03:16
Suspicious File Access,58.13.175.183,2025-08-29 16:56:54
Suspicious File Access,100.245.104.106,2025-08-17 07:49:33
Unauthorized Access,160.231.189.23,2025-08-22 12:48:55
Password Change,231.53.68.9,2025-08-21 18:55:52
Failed Login,37.177.162.214,2025-09-10 21:11:07
Unauthorized Access,113.75.15.33,2025-09-03 18:51:27
Unauthorized Access,138.105.43.121,2025-09-01 09:44:51
Suspicious File Access,104.162.236.163,2025-09-09 08:56:07
Suspicious File Access,142.47.79.238,2025-09-14 09:01:38
Successful Login,130.166.107.6,2025-08-19 23:33:57
Suspicious File Access,75.181.57.47,2025-08-21 08:05:01
Unauthorized Access,31.132.21.54,2025-08-26 03:44:02
Successful Login,186.75.128.37,2025-09-12 18:10:13
Unauthorized Access,244.61.236.182,2025-09-14 20:25:21
Successful Login,183.72.209.162,2025-08-30 03:03:11
Successful Login,67.41.199.117,2025-08-19 23:21:50
Suspicious File Access,92.1.80.254,2025-08-19 18:18:24
Successful Login,63.88.188.182,2025-09-07 10:22:00
Successful Login,37.48.81.228,2025-08-24 12:12:57
Failed Login,38.146.253.45,2025-08-22 14:46:19
Successful Login,207.5.59.75,2025-09-07 07:54:58
Successful Login,23.96.68.16,2025-09-05 06:09:13
Unauthorized Access,13.183.89.59,2025-09-09 20:51:22
Suspicious File Access,237.116.200.26,2025-09-10 13:35:01
Unauthorized Access,221.107.160.32,2025-09-07 17:08:42
Successful Login,3.215.222.185,2025-08-28 10:03:08
Unauthorized Access,178.110.9.252,2025-08-21 20:31:38
Unauthorized Access,2.18.192.46,2025-08-24 21:57:11
Suspicious File Access,4.26.134.224,2025-08-20 07:15:09
Password Change,93.119.11.250,2025-09-14 06:03:19
Unauthorized Access,152.45.95.33,2025-09-03 13:58:25
Successful Login,60.120.197.186,2025-09-06 00:50:39
Suspicious File Access,18.144.0.161,2025-09-07 03:23:56
Password Change,222.69.147.246,2025-08-30 06:05:09
Failed Login,218.25.158.252,2025-09-07 14:51:28
Failed Login,158.34.65.30,2025-08-24 23:35:40
Failed Login,233.240.54.50,2025-09-03 08:41:21
Suspicious File Access,168.234.139.230,2025-09-08 00:29:39
Password Change,139.165.123.77,2025-09-12 15:21:27
Unauthorized Access,189.16.113.247,2025-09-04 19:53:49
Unauthorized Access,77.161.240.37,2025-08-31 15:48:05
Failed Login,244.216.101.42,2025-08-30 22:59:59
Suspicious File Access,53.187.32.119,2025-09-02 20:35:05
Suspicious File Access,108.181.174.69,2025-08-22 06:00:15
Failed Login,133.37.227.77,2025-09-14 19:34:17
Failed Login,218.176.1.124,2025-09-13 03:41:22
Successful Login,189.5.234.208,2025-08-29 05:27:15
Suspicious File Access,119.228.134.84,2025-08-18 01:46:11
Password Change,103.172.117.75,2025-08-28 12:57:31
Suspicious File Access,226.218.83.86,2025-08-17 01:31:58
Unauthorized Access,39.203.229.246,2025-09-04 19:44:56
Unauthorized Access,24.248.3.6,2025-09-04 21:27:21
Suspicious File Access,196.99.60.114,2025-09-12 20:23:04
Failed Login,73.89.63.215,2025-08-27 01:31:36
Suspicious File Access,166.117.47.9,2025-08-26 23:28:12
Suspicious File Access,14.213.52.57,2025-09-07 07:53:49
Unauthorized Access,93.101.92.0,2025-08-20 01:29:39
Suspicious File Access,228.249.197.5,2025-08-21 14:21:41
Unauthorized Access,76.69.17.109,2025-08-16 13:10:29
Password Change,184.94.0.135,2025-08-22 22:57:17
Unauthorized Access,68.178.36.185,2025-09-08 19:08:11
Suspicious File Access,83.92.18.83,2025-09-06 00:15:11
Failed Login,161.144.133.164,2025-09-02 03:18:40
